I1,Mean #2,Max #2,Time #2,Mean #3,Max #3,Time #3
nope,2.0,3,0.6666666666666666,2.0,3,0.6666666666666666
nope,5.0,6,0.6666666666666666,5.0,6,0.6666666666666666
