realCase,Mean (0.0; 2),Max (0.0; 2),Mean hits (0.0; 2),real fitness (0.0; 2),Time (0.0; 2),Mean (0.0; 3),Max (0.0; 3),Mean hits (0.0; 3),real fitness (0.0; 3),Time (0.0; 3)
nope,2.0,3,1.0,23,0.6666666666666666,2.0,3,1.0,22,0.6666666666666666
nope,5.0,6,1.0,23,0.6666666666666666,5.666666666666667,6,1.0,22,0.6666666666666666
